{
  "episodes": 200,
  "target_update_interval": 10,
  "seed": 42,
  "final_epsilon": 0.3669578217261671,
  "rewards": [
    -0.5789639854431151,
    2.1129432821273806,
    -0.3,
    1.5,
    -1.8433727192878724,
    1.4030850327014925,
    -0.5789639854431151,
    2.6140240097045897,
    1.9824624872207646,
    0.24999999999999994,
    -0.4,
    -0.3,
    -0.46463598251342786,
    1.7880738711357118,
    -2.0,
    0.4140240097045899,
    1.9566272807121277,
    -0.4,
    2.0,
    0.38499999999999995,
    -0.2,
    -1.88,
    1.9566272807121277,
    -0.46463598251342786,
    1.5,
    1.9824624872207646,
    -0.2,
    1.4030850327014925,
    2.407493841648102,
    -0.08138400197029111,
    -0.18138400197029114,
    2.2591923213005067,
    3.035364017486572,
    1.9566272807121277,
    2.280866560935974,
    -1.5,
    1.9824624872207646,
    -0.8859759902954101,
    1.7880738711357118,
    -1.5,
    1.9824624872207646,
    -0.042781834602355906,
    1.9566272807121277,
    1.9824624872207646,
    -0.08138400197029111,
    0.1129432821273803,
    2.1129432821273806,
    0.12941195607185368,
    -0.2,
    1.5,
    1.92,
    0.24866191506385804,
    2.307012004852295,
    1.8,
    1.9824624872207646,
    -1.1929879951477051,
    2.16,
    -0.18138400197029114,
    -0.042781834602355906,
    -1.5,
    2.04,
    1.8,
    2.2591923213005067,
    -0.2,
    -1.5191334390640259,
    -1.1929879951477051,
    0.10701200485229495,
    -1.6870567178726197,
    -1.6870567178726197,
    -1.88,
    1.5875390326976775,
    2.0,
    0.9980480194091799,
    -0.2,
    2.352097005844116,
    0.9980480194091799,
    1.8,
    0.38499999999999995,
    1.1574610233306883,
    1.1574610233306883,
    1.7880738711357118,
    2.307012004852295,
    1.7880738711357118,
    0.38499999999999995,
    1.5875390326976775,
    0.6112348443269728,
    0.5864104866981508,
    -1.6870567178726197,
    1.9824624872207646,
    2.16,
    0.24866191506385804,
    0.6112348443269728,
    2.2591923213005067,
    1.8,
    1.7880738711357118,
    2.04,
    -2.0,
    -1.76,
    2.407493841648102,
    1.92,
    2.921036014556885,
    0.537277913093567,
    1.5875390326976775,
    2.407493841648102,
    1.7186159980297089,
    1.4030850327014925,
    1.4030850327014925,
    3.035364017486572,
    0.6112348443269728,
    1.757218165397644,
    -0.042781834602355906,
    -0.14278183460235594,
    -0.46463598251342786,
    1.4030850327014925,
    1.7880738711357118,
    1.4030850327014925,
    2.04,
    1.7880738711357118,
    2.6140240097045897,
    -0.08138400197029111,
    2.407493841648102,
    -0.08000000000000002,
    1.9566272807121277,
    2.407493841648102,
    1.7880738711357118,
    -0.042781834602355906,
    -1.88,
    -0.18138400197029114,
    1.9824624872207646,
    2.486410486698151,
    2.04,
    1.9824624872207646,
    0.03999999999999998,
    2.0132701659202574,
    -0.2,
    -0.4,
    -1.5191334390640259,
    -0.4,
    1.5875390326976775,
    1.9824624872207646,
    2.2591923213005067,
    1.7880738711357118,
    2.16,
    -1.5,
    1.4030850327014925,
    1.8,
    2.25,
    -1.76,
    1.5875390326976775,
    -0.8859759902954101,
    -0.3,
    2.280866560935974,
    1.7880738711357118,
    3.035364017486572,
    3.035364017486572,
    1.7880738711357118,
    2.25,
    -0.2,
    2.921036014556885,
    3.035364017486572,
    3.035364017486572,
    0.8353640174865722,
    2.2591923213005067,
    2.280866560935974,
    2.1129432821273806,
    2.921036014556885,
    1.7880738711357118,
    0.45919232130050675,
    3.035364017486572,
    0.10701200485229495,
    2.921036014556885,
    3.035364017486572,
    3.19804801940918,
    1.7186159980297089,
    1.7880738711357118,
    -0.3,
    0.6112348443269728,
    2.921036014556885,
    -0.3,
    2.04,
    2.16,
    2.16,
    2.486410486698151,
    -0.4,
    2.148661915063858,
    2.25,
    -1.6870567178726197,
    0.1129432821273803,
    2.407493841648102,
    3.3574610233306883,
    2.280866560935974,
    2.921036014556885,
    -1.6400000000000001,
    -0.14278183460235594,
    2.1129432821273806,
    2.486410486698151,
    2.1129432821273806,
    0.45919232130050675,
    2.337277913093567,
    2.16
  ],